{
    "name": "root",
    "gauges": {
        "RunnerV1.Policy.Entropy.mean": {
            "value": 1.0858830213546753,
            "min": 1.0858830213546753,
            "max": 1.0858830213546753,
            "count": 1
        },
        "RunnerV1.Policy.Entropy.sum": {
            "value": 21769.783203125,
            "min": 21769.783203125,
            "max": 21769.783203125,
            "count": 1
        },
        "RunnerV1.Environment.EpisodeLength.mean": {
            "value": 102.01030927835052,
            "min": 102.01030927835052,
            "max": 102.01030927835052,
            "count": 1
        },
        "RunnerV1.Environment.EpisodeLength.sum": {
            "value": 19790.0,
            "min": 19790.0,
            "max": 19790.0,
            "count": 1
        },
        "RunnerV1.Step.mean": {
            "value": 19984.0,
            "min": 19984.0,
            "max": 19984.0,
            "count": 1
        },
        "RunnerV1.Step.sum": {
            "value": 19984.0,
            "min": 19984.0,
            "max": 19984.0,
            "count": 1
        },
        "RunnerV1.Policy.ExtrinsicValueEstimate.mean": {
            "value": 0.3786494731903076,
            "min": 0.3786494731903076,
            "max": 0.3786494731903076,
            "count": 1
        },
        "RunnerV1.Policy.ExtrinsicValueEstimate.sum": {
            "value": 158.27548217773438,
            "min": 158.27548217773438,
            "max": 158.27548217773438,
            "count": 1
        },
        "RunnerV1.Policy.GailValueEstimate.mean": {
            "value": 110.86825561523438,
            "min": 110.86825561523438,
            "max": 110.86825561523438,
            "count": 1
        },
        "RunnerV1.Policy.GailValueEstimate.sum": {
            "value": 46342.9296875,
            "min": 46342.9296875,
            "max": 46342.9296875,
            "count": 1
        },
        "RunnerV1.Environment.CumulativeReward.mean": {
            "value": -0.22422680412371135,
            "min": -0.22422680412371135,
            "max": -0.22422680412371135,
            "count": 1
        },
        "RunnerV1.Environment.CumulativeReward.sum": {
            "value": -43.5,
            "min": -43.5,
            "max": -43.5,
            "count": 1
        },
        "RunnerV1.Policy.ExtrinsicReward.mean": {
            "value": -0.22422680412371135,
            "min": -0.22422680412371135,
            "max": -0.22422680412371135,
            "count": 1
        },
        "RunnerV1.Policy.ExtrinsicReward.sum": {
            "value": -43.5,
            "min": -43.5,
            "max": -43.5,
            "count": 1
        },
        "RunnerV1.Policy.GailReward.mean": {
            "value": 485.8005586708368,
            "min": 485.8005586708368,
            "max": 485.8005586708368,
            "count": 1
        },
        "RunnerV1.Policy.GailReward.sum": {
            "value": 94245.30838214234,
            "min": 94245.30838214234,
            "max": 94245.30838214234,
            "count": 1
        },
        "RunnerV1.Losses.PolicyLoss.mean": {
            "value": 0.07727276756465966,
            "min": 0.07727276756465966,
            "max": 0.07727276756465966,
            "count": 1
        },
        "RunnerV1.Losses.PolicyLoss.sum": {
            "value": 1.4681825837285336,
            "min": 1.4681825837285336,
            "max": 1.4681825837285336,
            "count": 1
        },
        "RunnerV1.Losses.ValueLoss.mean": {
            "value": 17123.71114954363,
            "min": 17123.71114954363,
            "max": 17123.71114954363,
            "count": 1
        },
        "RunnerV1.Losses.ValueLoss.sum": {
            "value": 325350.51184132893,
            "min": 325350.51184132893,
            "max": 325350.51184132893,
            "count": 1
        },
        "RunnerV1.Policy.LearningRate.mean": {
            "value": 0.0002936978863112316,
            "min": 0.0002936978863112316,
            "max": 0.0002936978863112316,
            "count": 1
        },
        "RunnerV1.Policy.LearningRate.sum": {
            "value": 0.0055802598399134,
            "min": 0.0055802598399134,
            "max": 0.0055802598399134,
            "count": 1
        },
        "RunnerV1.Policy.Epsilon.mean": {
            "value": 0.19789929473684212,
            "min": 0.19789929473684212,
            "max": 0.19789929473684212,
            "count": 1
        },
        "RunnerV1.Policy.Epsilon.sum": {
            "value": 3.7600866,
            "min": 3.7600866,
            "max": 3.7600866,
            "count": 1
        },
        "RunnerV1.Policy.Beta.mean": {
            "value": 0.0005000000000000001,
            "min": 0.0005000000000000001,
            "max": 0.0005000000000000001,
            "count": 1
        },
        "RunnerV1.Policy.Beta.sum": {
            "value": 0.009500000000000003,
            "min": 0.009500000000000003,
            "max": 0.009500000000000003,
            "count": 1
        },
        "RunnerV1.Policy.GAILPolicyEstimate.mean": {
            "value": 0.5257700789915888,
            "min": 0.5257700789915888,
            "max": 0.5257700789915888,
            "count": 1
        },
        "RunnerV1.Policy.GAILPolicyEstimate.sum": {
            "value": 9.989631500840186,
            "min": 9.989631500840186,
            "max": 9.989631500840186,
            "count": 1
        },
        "RunnerV1.Policy.GAILExpertEstimate.mean": {
            "value": 0.509395270389423,
            "min": 0.509395270389423,
            "max": 0.509395270389423,
            "count": 1
        },
        "RunnerV1.Policy.GAILExpertEstimate.sum": {
            "value": 9.678510137399037,
            "min": 9.678510137399037,
            "max": 9.678510137399037,
            "count": 1
        },
        "RunnerV1.Losses.GAILLoss.mean": {
            "value": 1.8996895227515909,
            "min": 1.8996895227515909,
            "max": 1.8996895227515909,
            "count": 1
        },
        "RunnerV1.Losses.GAILLoss.sum": {
            "value": 36.09410093228023,
            "min": 36.09410093228023,
            "max": 36.09410093228023,
            "count": 1
        },
        "RunnerV1.Policy.GAILGradMagLoss.mean": {
            "value": 3.5626790566402566,
            "min": 3.5626790566402566,
            "max": 3.5626790566402566,
            "count": 1
        },
        "RunnerV1.Policy.GAILGradMagLoss.sum": {
            "value": 67.69090207616487,
            "min": 67.69090207616487,
            "max": 67.69090207616487,
            "count": 1
        },
        "RunnerV1.Losses.PretrainingLoss.mean": {
            "value": 3.3093430564012896,
            "min": 3.3093430564012896,
            "max": 3.3093430564012896,
            "count": 1
        },
        "RunnerV1.Losses.PretrainingLoss.sum": {
            "value": 62.8775180716245,
            "min": 62.8775180716245,
            "max": 62.8775180716245,
            "count": 1
        },
        "RunnerV1.IsTraining.mean": {
            "value": 1.0,
            "min": 1.0,
            "max": 1.0,
            "count": 1
        },
        "RunnerV1.IsTraining.sum": {
            "value": 1.0,
            "min": 1.0,
            "max": 1.0,
            "count": 1
        }
    },
    "metadata": {
        "timer_format_version": "0.1.0",
        "start_time_seconds": "1726964785",
        "python_version": "3.9.13 (tags/v3.9.13:6de2ca5, May 17 2022, 16:36:42) [MSC v.1929 64 bit (AMD64)]",
        "command_line_arguments": "C:\\Users\\Hass\u00e8ne\\AppData\\Local\\Programs\\Python\\Python39\\Scripts\\mlagents-learn config\\trainer_config.yaml --run-id=RunnerV2",
        "mlagents_version": "0.30.0",
        "mlagents_envs_version": "0.30.0",
        "communication_protocol_version": "1.5.0",
        "pytorch_version": "2.4.1+cpu",
        "numpy_version": "1.21.2",
        "end_time_seconds": "1726965164"
    },
    "total": 379.05548350000004,