{
    "name": "root",
    "gauges": {
        "RunnerV1.Policy.Entropy.mean": {
            "value": 0.11408764123916626,
            "min": 0.08500782400369644,
            "max": 0.11408764123916626,
            "count": 5
        },
        "RunnerV1.Policy.Entropy.sum": {
            "value": 2338.34033203125,
            "min": 380.7277526855469,
            "max": 2338.34033203125,
            "count": 5
        },
        "RunnerV1.Step.mean": {
            "value": 439975.0,
            "min": 359995.0,
            "max": 439975.0,
            "count": 5
        },
        "RunnerV1.Step.sum": {
            "value": 439975.0,
            "min": 359995.0,
            "max": 439975.0,
            "count": 5
        },
        "RunnerV1.Policy.ExtrinsicValueEstimate.mean": {
            "value": 0.47249627113342285,
            "min": 0.4554077684879303,
            "max": 0.7152525782585144,
            "count": 5
        },
        "RunnerV1.Policy.ExtrinsicValueEstimate.sum": {
            "value": 181.43856811523438,
            "min": 34.155582427978516,
            "max": 267.50445556640625,
            "count": 5
        },
        "RunnerV1.Policy.GailValueEstimate.mean": {
            "value": 24.369131088256836,
            "min": 20.160205841064453,
            "max": 24.369131088256836,
            "count": 5
        },
        "RunnerV1.Policy.GailValueEstimate.sum": {
            "value": 9357.74609375,
            "min": 1512.0155029296875,
            "max": 9357.74609375,
            "count": 5
        },
        "RunnerV1.Environment.EpisodeLength.mean": {
            "value": 152.544,
            "min": 139.17985611510792,
            "max": 224.89285714285714,
            "count": 5
        },
        "RunnerV1.Environment.EpisodeLength.sum": {
            "value": 19068.0,
            "min": 3984.0,
            "max": 20131.0,
            "count": 5
        },
        "RunnerV1.Environment.CumulativeReward.mean": {
            "value": 0.7254560329206288,
            "min": 0.23558996071060784,
            "max": 1.4610471245120553,
            "count": 5
        },
        "RunnerV1.Environment.CumulativeReward.sum": {
            "value": 90.6820041150786,
            "min": 7.101000806782395,
            "max": 124.1890055835247,
            "count": 5
        },
        "RunnerV1.Policy.ExtrinsicReward.mean": {
            "value": 0.7254560329206288,
            "min": 0.23558996071060784,
            "max": 1.4610471245120553,
            "count": 5
        },
        "RunnerV1.Policy.ExtrinsicReward.sum": {
            "value": 90.6820041150786,
            "min": 7.101000806782395,
            "max": 124.1890055835247,
            "count": 5
        },
        "RunnerV1.Policy.GailReward.mean": {
            "value": 45.87787043404579,
            "min": 45.87787043404579,
            "max": 185.4669419592619,
            "count": 5
        },
        "RunnerV1.Policy.GailReward.sum": {
            "value": 5734.733804255724,
            "min": 1276.9871968626976,
            "max": 18546.69419592619,
            "count": 5
        },
        "RunnerV1.IsTraining.mean": {
            "value": 1.0,
            "min": 1.0,
            "max": 1.0,
            "count": 5
        },
        "RunnerV1.IsTraining.sum": {
            "value": 1.0,
            "min": 1.0,
            "max": 1.0,
            "count": 5
        },
        "RunnerV1.Losses.PolicyLoss.mean": {
            "value": 0.03908140491694212,
            "min": 0.03336914574416975,
            "max": 0.03908140491694212,
            "count": 4
        },
        "RunnerV1.Losses.PolicyLoss.sum": {
            "value": 0.03908140491694212,
            "min": 0.03336914574416975,
            "max": 0.03908140491694212,
            "count": 4
        },
        "RunnerV1.Losses.ValueLoss.mean": {
            "value": 44.06876063346863,
            "min": 30.629124259948732,
            "max": 601.3706982930502,
            "count": 4
        },
        "RunnerV1.Losses.ValueLoss.sum": {
            "value": 44.06876063346863,
            "min": 30.629124259948732,
            "max": 601.3706982930502,
            "count": 4
        },
        "RunnerV1.Policy.LearningRate.mean": {
            "value": 0.0002999973716348762,
            "min": 0.0002999973716348762,
            "max": 0.000299997740784753,
            "count": 4
        },
        "RunnerV1.Policy.LearningRate.sum": {
            "value": 0.0002999973716348762,
            "min": 0.0002999973716348762,
            "max": 0.000299997740784753,
            "count": 4
        },
        "RunnerV1.Policy.Epsilon.mean": {
            "value": 0.19999912387799995,
            "min": 0.19999912387799995,
            "max": 0.19999924692799997,
            "count": 4
        },
        "RunnerV1.Policy.Epsilon.sum": {
            "value": 0.19999912387799995,
            "min": 0.19999912387799995,
            "max": 0.19999924692799997,
            "count": 4
        },
        "RunnerV1.Policy.Beta.mean": {
            "value": 0.0005000000000000002,
            "min": 0.0005000000000000002,
            "max": 0.0005000000000000002,
            "count": 4
        },
        "RunnerV1.Policy.Beta.sum": {
            "value": 0.0005000000000000002,
            "min": 0.0005000000000000002,
            "max": 0.0005000000000000002,
            "count": 4
        },
        "RunnerV1.Policy.GAILPolicyEstimate.mean": {
            "value": 0.4047777928411961,
            "min": 0.4047777928411961,
            "max": 0.4782553839186827,
            "count": 4
        },
        "RunnerV1.Policy.GAILPolicyEstimate.sum": {
            "value": 0.4047777928411961,
            "min": 0.4047777928411961,
            "max": 0.4782553839186827,
            "count": 4
        },
        "RunnerV1.Policy.GAILExpertEstimate.mean": {
            "value": 0.6080768411358197,
            "min": 0.4538157353022446,
            "max": 0.6097444139420987,
            "count": 4
        },
        "RunnerV1.Policy.GAILExpertEstimate.sum": {
            "value": 0.6080768411358197,
            "min": 0.4538157353022446,
            "max": 0.6097444139420987,
            "count": 4
        },
        "RunnerV1.Losses.GAILLoss.mean": {
            "value": 1.135196477174759,
            "min": 1.135196477174759,
            "max": 5.211163809895515,
            "count": 4
        },
        "RunnerV1.Losses.GAILLoss.sum": {
            "value": 1.135196477174759,
            "min": 1.135196477174759,
            "max": 5.211163809895515,
            "count": 4
        },
        "RunnerV1.Policy.GAILGradMagLoss.mean": {
            "value": 0.14047654420137407,
            "min": 0.14047654420137407,
            "max": 4.731924671679735,
            "count": 4
        },
        "RunnerV1.Policy.GAILGradMagLoss.sum": {
            "value": 0.14047654420137407,
            "min": 0.14047654420137407,
            "max": 4.731924671679735,
            "count": 4
        },
        "RunnerV1.Losses.PretrainingLoss.mean": {
            "value": 0.15089284470587067,
            "min": 0.15089284470587067,
            "max": 1.790065050125122,
            "count": 4
        },
        "RunnerV1.Losses.PretrainingLoss.sum": {
            "value": 0.15089284470587067,
            "min": 0.15089284470587067,
            "max": 1.790065050125122,
            "count": 4
        }
    },
    "metadata": {
        "timer_format_version": "0.1.0",
        "start_time_seconds": "1727222336",
        "python_version": "3.9.13 (tags/v3.9.13:6de2ca5, May 17 2022, 16:36:42) [MSC v.1929 64 bit (AMD64)]",
        "command_line_arguments": "C:\\Users\\keske\\OneDrive\\Bureau\\TestMLagent\\venv\\Scripts\\mlagents-learn config\\trainer_config.yaml --run-id=15 --train --resume",
        "mlagents_version": "0.30.0",
        "mlagents_envs_version": "0.30.0",
        "communication_protocol_version": "1.5.0",