{"count":1,"self":357.08992,"total":1020.0212597,"children":{"InitializeActuators":{"count":1,"self":0.0030034999999999997,"total":0.0030034999999999997,"children":null},"InitializeSensors":{"count":1,"self":0.0019997,"total":0.0019997,"children":null},"AgentSendState":{"count":385684,"self":0.8425269,"total":4.9134978999999994,"children":{"CollectObservations":{"count":128562,"self":1.5859153,"total":1.5859153,"children":null},"WriteActionMask":{"count":128562,"self":0.0810713,"total":0.0810713,"children":null},"RequestDecision":{"count":128562,"self":0.5969312,"total":2.4039843999999997,"children":{"AgentInfo.ToProto":{"count":128562,"self":0.62525279999999994,"total":1.8070532,"children":{"GenerateSensorData":{"count":128562,"self":1.1818004,"total":1.1818004,"children":null}}}}}}},"DecideAction":{"count":385684,"self":653.12025599999993,"total":653.1202496,"children":null},"AgentAct":{"count":385684,"self":4.8825975999999995,"total":4.8825975999999995,"children":null},"AgentInfo.ToProto":{"count":741,"self":0.0040016999999999995,"total":0.0090042,"children":{"GenerateSensorData":{"count":741,"self":0.0050025,"total":0.0050025,"children":null}}}},"gauges":{"RunnerV1.CumulativeReward":{"count":741,"max":3.697,"min":-2.01200056,"runningAverage":-0.7593737,"value":0.0940001,"weightedAverage":-0.327876627}},"metadata":{"timer_format_version":"0.1.0","start_time_seconds":"1727201157","unity_version":"2022.3.25f1","command_line_arguments":"C:\\2022.3.25f1\\Editor\\Unity.exe -projectpath C:\\MachineLearningProject_git\\MachineLearningProject -useHub -hubIPC -cloudEnvironment production -licensingIpc LicenseClient-Hassène -hubSessionId db02400f-f9a5-4165-952d-a8832679cf42 -accessToken pg5-HDH1_JvnVndUNJdrBTLrtBVZ4HI4wf680CrNhtc00af","communication_protocol_version":"1.5.0","com.unity.ml-agents_version":"2.0.1","scene_name":"SampleScene","end_time_seconds":"1727202177"}}