{
    "name": "root",
    "metadata": {
        "timer_format_version": "0.1.0",
        "start_time_seconds": "1727218555",
        "python_version": "3.9.13 (tags/v3.9.13:6de2ca5, May 17 2022, 16:36:42) [MSC v.1929 64 bit (AMD64)]",
        "command_line_arguments": "C:\\Users\\keske\\OneDrive\\Bureau\\TestMLagent\\venv\\Scripts\\mlagents-learn config\\trainer_config.yaml --run-id=5 --train --no-graphics",
        "mlagents_version": "0.30.0",
        "mlagents_envs_version": "0.30.0",
        "communication_protocol_version": "1.5.0",
        "pytorch_version": "2.4.1+cpu",
        "numpy_version": "1.21.2",
        "end_time_seconds": "1727218560"
    },
    "total": 5.3727868999999995,
    "count": 1,
    "self": 0.005633499999999181,
    "children": {
        "run_training.setup": {
            "total": 0.09434640000000005,
            "count": 1,
            "self": 0.09434640000000005
        },
        "TrainerController.start_learning": {
            "total": 5.272807,
            "count": 1,
            "self": 8.330000000000837e-05,
            "children": {
                "TrainerController._reset_env": {
                    "total": 5.2714329,
                    "count": 1,
                    "self": 4.526706,
                    "children": {
                        "demo_to_buffer": {
                            "total": 0.7447268999999999,
                            "count": 1,
                            "self": 3.849999999960829e-05,
                            "children": {
                                "load_demonstration": {
                                    "total": 0.014438900000000032,
                                    "count": 1,
                                    "self": 0.014276399999999967,
                                    "children": {
                                        "read_file": {
                                            "total": 0.00016250000000006537,
                                            "count": 1,
                                            "self": 0.00016250000000006537
                                        }
                                    }
                                },
                                "make_demo_buffer": {
                                    "total": 0.7302495000000002,
                                    "count": 1,
                                    "self": 0.1341494000000587,
                                    "children": {
                                        "steps_from_proto": {
                                            "total": 0.5961000999999415,
                                            "count": 11504,
                                            "self": 0.42055489999985163,
                                            "children": {
                                                "_process_rank_one_or_two_observation": {
                                                    "total": 0.17554520000008988,
                                                    "count": 23008,
                                                    "self": 0.17554520000008988
                                                }
                                            }
                                        }
                                    }
                                }
                            }
                        }
                    }
                },
                "TrainerController._save_models": {
                    "total": 0.0012908000000004805,
                    "count": 1,
                    "self": 0.00010460000000112046,
                    "children": {
                        "RLTrainer._checkpoint": {
                            "total": 0.00118619999999936,
                            "count": 1,
                            "self": 0.00118619999999936
                        }
                    }
                }
            }
        }
    }
}