{
    "name": "root",
    "gauges": {
        "RunnerV1.Policy.Entropy.mean": {
            "value": 0.23879019916057587,
            "min": 0.23879019916057587,
            "max": 1.2329899072647095,
            "count": 3
        },
        "RunnerV1.Policy.Entropy.sum": {
            "value": 4777.953125,
            "min": 4777.953125,
            "max": 24681.9921875,
            "count": 3
        },
        "RunnerV1.Environment.EpisodeLength.mean": {
            "value": 352.875,
            "min": 161.7479674796748,
            "max": 352.875,
            "count": 3
        },
        "RunnerV1.Environment.EpisodeLength.sum": {
            "value": 19761.0,
            "min": 19657.0,
            "max": 19895.0,
            "count": 3
        },
        "RunnerV1.Step.mean": {
            "value": 59957.0,
            "min": 19973.0,
            "max": 59957.0,
            "count": 3
        },
        "RunnerV1.Step.sum": {
            "value": 59957.0,
            "min": 19973.0,
            "max": 59957.0,
            "count": 3
        },
        "RunnerV1.Policy.ExtrinsicValueEstimate.mean": {
            "value": 0.7501139044761658,
            "min": -0.45485347509384155,
            "max": 0.9667991995811462,
            "count": 3
        },
        "RunnerV1.Policy.ExtrinsicValueEstimate.sum": {
            "value": 257.2890625,
            "min": -158.74386596679688,
            "max": 355.7821044921875,
            "count": 3
        },
        "RunnerV1.Policy.GailValueEstimate.mean": {
            "value": 294.6082458496094,
            "min": 205.9899444580078,
            "max": 295.55255126953125,
            "count": 3
        },
        "RunnerV1.Policy.GailValueEstimate.sum": {
            "value": 101050.625,
            "min": 75804.296875,
            "max": 103147.84375,
            "count": 3
        },
        "RunnerV1.Environment.CumulativeReward.mean": {
            "value": 0.2732142688972609,
            "min": -3.884426251786654,
            "max": 0.2732142688972609,
            "count": 3
        },
        "RunnerV1.Environment.CumulativeReward.sum": {
            "value": 15.299999058246613,
            "min": -473.9000027179718,
            "max": 15.299999058246613,
            "count": 3
        },
        "RunnerV1.Policy.ExtrinsicReward.mean": {
            "value": 0.2732142688972609,
            "min": -3.884426251786654,
            "max": 0.2732142688972609,
            "count": 3
        },
        "RunnerV1.Policy.ExtrinsicReward.sum": {
            "value": 15.299999058246613,
            "min": -473.9000027179718,
            "max": 15.299999058246613,
            "count": 3
        },
        "RunnerV1.Policy.GailReward.mean": {
            "value": 1597.8028871119022,
            "min": 694.9553224962266,
            "max": 1597.8028871119022,
            "count": 3
        },
        "RunnerV1.Policy.GailReward.sum": {
            "value": 89476.96167826653,
            "min": 84784.54934453964,
            "max": 93768.75369310379,
            "count": 3
        },
        "RunnerV1.Losses.PolicyLoss.mean": {
            "value": 0.08150413291377687,
            "min": 0.07797393612757636,
            "max": 0.08150413291377687,
            "count": 3
        },
        "RunnerV1.Losses.PolicyLoss.sum": {
            "value": 1.5485785253617605,
            "min": 1.4190661877185147,
            "max": 1.5485785253617605,
            "count": 3
        },
        "RunnerV1.Losses.ValueLoss.mean": {
            "value": 11752.208341471352,
            "min": 11752.208341471352,
            "max": 26553.544011801263,
            "count": 3
        },
        "RunnerV1.Losses.ValueLoss.sum": {
            "value": 223291.9584879557,
            "min": 223291.9584879557,
            "max": 477963.7922124227,
            "count": 3
        },
        "RunnerV1.Policy.LearningRate.mean": {
            "value": 0.00028505057866735255,
            "min": 0.00028505057866735255,
            "max": 0.00029698708433763884,
            "count": 3
        },
        "RunnerV1.Policy.LearningRate.sum": {
            "value": 0.005415960994679699,
            "min": 0.005345767518077499,
            "max": 0.0055309056563648,
            "count": 3
        },
        "RunnerV1.Policy.Epsilon.mean": {
            "value": 0.19501685789473686,
            "min": 0.19501685789473686,
            "max": 0.19899569444444445,
            "count": 3
        },
        "RunnerV1.Policy.Epsilon.sum": {
            "value": 3.7053203000000003,
            "min": 3.5819225,
            "max": 3.7436352,
            "count": 3
        },
        "RunnerV1.Policy.Beta.mean": {
            "value": 0.0005000000000000001,
            "min": 0.0005000000000000001,
            "max": 0.0005000000000000001,
            "count": 3
        },
        "RunnerV1.Policy.Beta.sum": {
            "value": 0.009500000000000003,
            "min": 0.009000000000000003,
            "max": 0.009500000000000003,
            "count": 3
        },
        "RunnerV1.Policy.GAILPolicyEstimate.mean": {
            "value": 0.5192361645008389,
            "min": 0.50349996443148,
            "max": 0.5223168849683644,
            "count": 3
        },
        "RunnerV1.Policy.GAILPolicyEstimate.sum": {
            "value": 9.865487125515939,
            "min": 9.062999359766641,
            "max": 9.924020814398924,
            "count": 3
        },
        "RunnerV1.Policy.GAILExpertEstimate.mean": {
            "value": 0.510774029242365,
            "min": 0.510774029242365,
            "max": 0.5665725877715482,
            "count": 3
        },
        "RunnerV1.Policy.GAILExpertEstimate.sum": {
            "value": 9.704706555604936,
            "min": 9.704706555604936,
            "max": 10.198306579887866,
            "count": 3
        },
        "RunnerV1.Losses.GAILLoss.mean": {
            "value": 1.6580606857935585,
            "min": 1.589608268605338,
            "max": 1.9304777051273145,
            "count": 3
        },
        "RunnerV1.Losses.GAILLoss.sum": {
            "value": 31.503153030077613,
            "min": 28.612948834896088,
            "max": 36.679076397418974,
            "count": 3
        },
        "RunnerV1.Policy.GAILGradMagLoss.mean": {
            "value": 0.6576082944477859,
            "min": 0.6576082944477859,
            "max": 4.393345270664603,
            "count": 3
        },
        "RunnerV1.Policy.GAILGradMagLoss.sum": {
            "value": 12.494557594507931,
            "min": 12.494557594507931,
            "max": 79.08021487196285,
            "count": 3
        },
        "RunnerV1.Losses.PretrainingLoss.mean": {
            "value": 0.7772125172255675,
            "min": 0.7772125172255675,
            "max": 3.799650849764966,
            "count": 3
        },
        "RunnerV1.Losses.PretrainingLoss.sum": {
            "value": 14.767037827285783,
            "min": 14.767037827285783,
            "max": 72.19336614553436,
            "count": 3
        },
        "RunnerV1.IsTraining.mean": {
            "value": 1.0,
            "min": 1.0,
            "max": 1.0,
            "count": 3
        },
        "RunnerV1.IsTraining.sum": {
            "value": 1.0,
            "min": 1.0,
            "max": 1.0,
            "count": 3
        }
    },
    "metadata": {
        "timer_format_version": "0.1.0",
        "start_time_seconds": "1726931695",
        "python_version": "3.9.13 (tags/v3.9.13:6de2ca5, May 17 2022, 16:36:42) [MSC v.1929 64 bit (AMD64)]",
        "command_line_arguments": "C:\\Users\\Hass\u00e8ne\\AppData\\Local\\Programs\\Python\\Python39\\Scripts\\mlagents-learn config\\trainer_config.yaml --run-id=RunnerV1 --resume",
        "mlagents_version": "0.30.0",
        "mlagents_envs_version": "0.30.0",
        "communication_protocol_version": "1.5.0",
        "pytorch_version": "2.4.1+cpu",
        "numpy_version": "1.21.2",