{
    "name": "root",
    "metadata": {
        "timer_format_version": "0.1.0",
        "start_time_seconds": "1726852538",
        "python_version": "3.9.13 (tags/v3.9.13:6de2ca5, May 17 2022, 16:36:42) [MSC v.1929 64 bit (AMD64)]",
        "command_line_arguments": "C:\\MachineLearningProject\\venv\\Scripts\\mlagents-learn config/trainer_config.yaml --run-id=RunnerV1 --resume",
        "mlagents_version": "0.30.0",
        "mlagents_envs_version": "0.30.0",
        "communication_protocol_version": "1.5.0",
        "pytorch_version": "2.4.1+cpu",
        "numpy_version": "1.21.2",
        "end_time_seconds": "1726852637"
    },
    "total": 99.5012557,
    "count": 1,
    "self": 0.009027700000018513,
    "children": {
        "run_training.setup": {
            "total": 0.12820310000000035,
            "count": 1,
            "self": 0.12820310000000035
        },
        "TrainerController.start_learning": {
            "total": 99.36402489999999,
            "count": 1,
            "self": 0.052844399999997904,
            "children": {
                "TrainerController._reset_env": {
                    "total": 10.7814259,
                    "count": 1,
                    "self": 10.7814259
                },
                "TrainerController.advance": {
                    "total": 88.3961444,
                    "count": 2142,
                    "self": 0.05441730000008249,
                    "children": {
                        "env_step": {
                            "total": 84.08869719999981,
                            "count": 2142,
                            "self": 80.44409909999959,
                            "children": {
                                "SubprocessEnvManager._take_step": {
                                    "total": 3.6122108000000317,
                                    "count": 2142,
                                    "self": 0.1348518000000034,
                                    "children": {
                                        "TorchPolicy.evaluate": {
                                            "total": 3.4773590000000283,
                                            "count": 2141,
                                            "self": 3.4773590000000283
                                        }
                                    }
                                },
                                "workers": {
                                    "total": 0.03238730000018464,
                                    "count": 2141,
                                    "self": 0.0,
                                    "children": {
                                        "worker_root": {
                                            "total": 25.97603060000004,
                                            "count": 2141,
                                            "is_parallel": true,
                                            "self": 11.346534400000188,
                                            "children": {
                                                "steps_from_proto": {
                                                    "total": 0.0004191999999996199,
                                                    "count": 1,
                                                    "is_parallel": true,
                                                    "self": 0.00023329999999965878,
                                                    "children": {
                                                        "_process_rank_one_or_two_observation": {
                                                            "total": 0.0001858999999999611,
                                                            "count": 2,
                                                            "is_parallel": true,
                                                            "self": 0.0001858999999999611
                                                        }
                                                    }
                                                },
                                                "UnityEnvironment.step": {
                                                    "total": 14.629076999999853,
                                                    "count": 2141,
                                                    "is_parallel": true,
                                                    "self": 0.20219109999992035,
                                                    "children": {
                                                        "UnityEnvironment._generate_step_input": {
                                                            "total": 0.16806350000005565,
                                                            "count": 2141,
                                                            "is_parallel": true,
                                                            "self": 0.16806350000005565
                                                        },
                                                        "communicator.exchange": {
                                                            "total": 13.543143099999973,
                                                            "count": 2141,
                                                            "is_parallel": true,
                                                            "self": 13.543143099999973
                                                        },
                                                        "steps_from_proto": {
                                                            "total": 0.7156792999999038,
                                                            "count": 2141,
                                                            "is_parallel": true,
                                                            "self": 0.4168888999999254,
                                                            "children": {
                                                                "_process_rank_one_or_two_observation": {
                                                                    "total": 0.29879039999997836,
                                                                    "count": 4282,
                                                                    "is_parallel": true,
                                                                    "self": 0.29879039999997836
                                                                }
                                                            }
                                                        }
                                                    }
                                                }
                                            }
                                        }
                                    }
                                }
                            }
                        },
                        "trainer_advance": {
                            "total": 4.253029900000101,
                            "count": 2141,
                            "self": 0.06079310000008853,
                            "children": {
                                "process_trajectory": {
                                    "total": 0.16208620000002405,
                                    "count": 2141,
                                    "self": 0.16208620000002405
                                },
                                "_update_policy": {
                                    "total": 4.030150599999988,
                                    "count": 16,
                                    "self": 0.4378780999999847,
                                    "children": {
                                        "TorchPPOOptimizer.update": {
                                            "total": 3.5922725000000035,
                                            "count": 576,