{
    "name": "root",
    "metadata": {
        "timer_format_version": "0.1.0",
        "start_time_seconds": "1726963643",
        "python_version": "3.9.13 (tags/v3.9.13:6de2ca5, May 17 2022, 16:36:42) [MSC v.1929 64 bit (AMD64)]",
        "command_line_arguments": "C:\\Users\\Hass\u00e8ne\\AppData\\Local\\Programs\\Python\\Python39\\Scripts\\mlagents-learn config\\trainer_config.yaml --run-id=RunnerV1",
        "mlagents_version": "0.30.0",
        "mlagents_envs_version": "0.30.0",
        "communication_protocol_version": "1.5.0",
        "pytorch_version": "2.4.1+cpu",
        "numpy_version": "1.21.2",
        "end_time_seconds": "1726963732"
    },
    "total": 88.7812823,
    "count": 1,
    "self": 10.008924499999992,
    "children": {
        "run_training.setup": {
            "total": 0.14204750000000033,
            "count": 1,
            "self": 0.14204750000000033
        },
        "TrainerController.start_learning": {
            "total": 78.6303103,
            "count": 1,
            "self": 0.07209940000039694,
            "children": {
                "TrainerController._reset_env": {
                    "total": 18.1804025,
                    "count": 1,
                    "self": 12.3817366,
                    "children": {
                        "demo_to_buffer": {
                            "total": 5.7986659,
                            "count": 2,
                            "self": 0.0001795999999956166,
                            "children": {
                                "load_demonstration": {
                                    "total": 0.0761876000000008,
                                    "count": 2,
                                    "self": 0.07337730000000064,
                                    "children": {
                                        "read_file": {
                                            "total": 0.0028103000000001543,
                                            "count": 2,
                                            "self": 0.0028103000000001543
                                        }
                                    }
                                },
                                "make_demo_buffer": {
                                    "total": 5.722298700000003,
                                    "count": 2,
                                    "self": 1.1155626000001568,
                                    "children": {
                                        "steps_from_proto": {
                                            "total": 4.606736099999846,
                                            "count": 31764,
                                            "self": 3.2512849000001527,
                                            "children": {
                                                "_process_rank_one_or_two_observation": {
                                                    "total": 1.3554511999996937,
                                                    "count": 63528,
                                                    "self": 1.3554511999996937
                                                }
                                            }
                                        }
                                    }
                                }
                            }
                        }
                    }
                },
                "TrainerController.advance": {
                    "total": 60.142081699999615,
                    "count": 3089,
                    "self": 0.06917649999939357,
                    "children": {
                        "env_step": {
                            "total": 43.2908466000002,
                            "count": 3089,
                            "self": 38.348801900000765,
                            "children": {
                                "SubprocessEnvManager._take_step": {
                                    "total": 4.895485599999628,
                                    "count": 3090,
                                    "self": 0.184663899999574,
                                    "children": {
                                        "TorchPolicy.evaluate": {
                                            "total": 4.710821700000054,
                                            "count": 3040,
                                            "self": 4.710821700000054
                                        }
                                    }
                                },
                                "workers": {
                                    "total": 0.04655909999980423,
                                    "count": 3088,
                                    "self": 0.0,
                                    "children": {
                                        "worker_root": {
                                            "total": 49.442360799999996,
                                            "count": 3088,
                                            "is_parallel": true,
                                            "self": 32.240559300000044,
                                            "children": {
                                                "steps_from_proto": {
                                                    "total": 0.0036445000000000505,
                                                    "count": 2,
                                                    "is_parallel": true,
                                                    "self": 0.0016119000000003325,
                                                    "children": {
                                                        "_process_rank_one_or_two_observation": {
                                                            "total": 0.002032599999999718,
                                                            "count": 4,
                                                            "is_parallel": true,
                                                            "self": 0.002032599999999718
                                                        }
                                                    }
                                                },
                                                "UnityEnvironment.step": {
                                                    "total": 17.19815699999995,
                                                    "count": 3088,
                                                    "is_parallel": true,
                                                    "self": 0.2859150000000632,
                                                    "children": {
                                                        "UnityEnvironment._generate_step_input": {
                                                            "total": 0.3078709999999063,
                                                            "count": 3088,
                                                            "is_parallel": true,
                                                            "self": 0.3078709999999063
                                                        },
                                                        "communicator.exchange": {
                                                            "total": 15.615751299999982,
                                                            "count": 3088,
                                                            "is_parallel": true,
                                                            "self": 15.615751299999982
                                                        },
                                                        "steps_from_proto": {
                                                            "total": 0.9886196999999974,
                                                            "count": 3088,
                                                            "is_parallel": true,