{
    "name": "root",
    "gauges": {
        "RunnerV1.Policy.Entropy.mean": {
            "value": 1.4984537363052368,
            "min": 1.4808937311172485,
            "max": 1.5377634763717651,
            "count": 7
        },
        "RunnerV1.Policy.Entropy.sum": {
            "value": 14978.54296875,
            "min": 4310.3173828125,
            "max": 15397.6259765625,
            "count": 7
        },
        "RunnerV1.Environment.EpisodeLength.mean": {
            "value": 67.9041095890411,
            "min": 63.6,
            "max": 85.68695652173913,
            "count": 7
        },
        "RunnerV1.Environment.EpisodeLength.sum": {
            "value": 9914.0,
            "min": 2700.0,
            "max": 9975.0,
            "count": 7
        },
        "RunnerV1.Step.mean": {
            "value": 139993.0,
            "min": 79951.0,
            "max": 139993.0,
            "count": 7
        },
        "RunnerV1.Step.sum": {
            "value": 139993.0,
            "min": 79951.0,
            "max": 139993.0,
            "count": 7
        },
        "RunnerV1.Policy.ExtrinsicValueEstimate.mean": {
            "value": -0.7589153051376343,
            "min": -1.1471141576766968,
            "max": -0.7148711681365967,
            "count": 7
        },
        "RunnerV1.Policy.ExtrinsicValueEstimate.sum": {
            "value": -154.8187255859375,
            "min": -216.8045654296875,
            "max": -49.778072357177734,
            "count": 7
        },
        "RunnerV1.Environment.CumulativeReward.mean": {
            "value": -0.9841379280748038,
            "min": -2.2035482033439306,
            "max": -0.9841379280748038,
            "count": 7
        },
        "RunnerV1.Environment.CumulativeReward.sum": {
            "value": -142.69999957084656,
            "min": -253.408043384552,
            "max": -44.50854229927063,
            "count": 7
        },
        "RunnerV1.Policy.ExtrinsicReward.mean": {
            "value": -0.9841379280748038,
            "min": -2.2035482033439306,
            "max": -0.9841379280748038,
            "count": 7
        },
        "RunnerV1.Policy.ExtrinsicReward.sum": {
            "value": -142.69999957084656,
            "min": -253.408043384552,
            "max": -44.50854229927063,
            "count": 7
        },
        "RunnerV1.Losses.PolicyLoss.mean": {
            "value": 0.2375937126151398,
            "min": 0.2375937126151398,
            "max": 0.2522013862143996,
            "count": 7
        },
        "RunnerV1.Losses.PolicyLoss.sum": {
            "value": 18.769903296596045,
            "min": 5.427246638952151,
            "max": 20.840467070367964,
            "count": 7
        },
        "RunnerV1.Losses.ValueLoss.mean": {
            "value": 0.029439881097676653,
            "min": 0.02287999023599678,
            "max": 0.4398995520956664,
            "count": 7
        },
        "RunnerV1.Losses.ValueLoss.sum": {
            "value": 2.3257506067164555,
            "min": 0.7528670879233942,
            "max": 35.19196416765331,
            "count": 7
        },
        "RunnerV1.Policy.LearningRate.mean": {
            "value": 0.00021893831815981014,
            "min": 0.00021893831815981014,
            "max": 0.0002527944975533545,
            "count": 7
        },
        "RunnerV1.Policy.LearningRate.sum": {
            "value": 0.017296127134625,
            "min": 0.005561478946173799,
            "max": 0.019682331339223397,
            "count": 7
        },
        "RunnerV1.Policy.Epsilon.mean": {
            "value": 0.17297943037974683,
            "min": 0.17297943037974683,
            "max": 0.18426482727272725,
            "count": 7
        },
        "RunnerV1.Policy.Epsilon.sum": {
            "value": 13.665375000000001,
            "min": 4.0538262,
            "max": 14.868171600000002,
            "count": 7
        },
        "RunnerV1.Policy.Beta.mean": {
            "value": 0.0005000000000000001,
            "min": 0.0005000000000000001,
            "max": 0.0005000000000000001,
            "count": 7
        },
        "RunnerV1.Policy.Beta.sum": {
            "value": 0.03950000000000001,
            "min": 0.011000000000000003,
            "max": 0.04200000000000001,
            "count": 7
        },
        "RunnerV1.IsTraining.mean": {
            "value": 1.0,
            "min": 1.0,
            "max": 1.0,
            "count": 7
        },
        "RunnerV1.IsTraining.sum": {
            "value": 1.0,
            "min": 1.0,
            "max": 1.0,
            "count": 7
        }
    },
    "metadata": {
        "timer_format_version": "0.1.0",
        "start_time_seconds": "1726871643",
        "python_version": "3.9.13 (tags/v3.9.13:6de2ca5, May 17 2022, 16:36:42) [MSC v.1929 64 bit (AMD64)]",
        "command_line_arguments": "C:\\Users\\Hass\u00e8ne\\AppData\\Local\\Programs\\Python\\Python39\\Scripts\\mlagents-learn config\\trainer_config.yaml --run-id=RunnerV1 --resume",
        "mlagents_version": "0.30.0",
        "mlagents_envs_version": "0.30.0",
        "communication_protocol_version": "1.5.0",
        "pytorch_version": "2.4.1+cpu",
        "numpy_version": "1.21.2",
        "end_time_seconds": "1726872342"
    },
    "total": 698.8931954999999,
    "count": 1,
    "self": 0.006921899999952075,
    "children": {
        "run_training.setup": {
            "total": 0.13708579999999992,
            "count": 1,
            "self": 0.13708579999999992
        },
        "TrainerController.start_learning": {
            "total": 698.7491878,
            "count": 1,
            "self": 1.6646356000075002,
            "children": {
                "TrainerController._reset_env": {
                    "total": 11.5093301,
                    "count": 1,
                    "self": 11.5093301
                },
                "TrainerController.advance": {
                    "total": 685.4519775999925,
                    "count": 65600,
                    "self": 1.5794607999890786,
                    "children": {
                        "env_step": {
                            "total": 546.7411740000005,
                            "count": 65600,
                            "self": 436.7555648999971,
                            "children": {
                                "SubprocessEnvManager._take_step": {
                                    "total": 108.94998330000135,
                                    "count": 65600,
                                    "self": 4.151079599994716,
                                    "children": {
                                        "TorchPolicy.evaluate": {
                                            "total": 104.79890370000663,
                                            "count": 65267,
                                            "self": 104.79890370000663
                                        }
                                    }
                                },
                                "workers": {
                                    "total": 1.0356258000019718,
                                    "count": 65599,
                                    "self": 0.0,
                                    "children": {
                                        "worker_root": {
                                            "total": 588.3995837000067,
                                            "count": 65599,
                                            "is_parallel": true,
                                            "self": 323.73804840000565,
                                            "children": {
                                                "steps_from_proto": {
                                                    "total": 0.0006582999999995565,
                                                    "count": 1,
                                                    "is_parallel": true,