{
    "name": "root",
    "gauges": {
        "RunnerV1.Policy.Entropy.mean": {
            "value": 0.855612576007843,
            "min": 0.855612576007843,
            "max": 0.920188307762146,
            "count": 4
        },
        "RunnerV1.Policy.Entropy.sum": {
            "value": 17114.818359375,
            "min": 10611.611328125,
            "max": 18183.5703125,
            "count": 4
        },
        "RunnerV1.Step.mean": {
            "value": 99954.0,
            "min": 39979.0,
            "max": 99954.0,
            "count": 4
        },
        "RunnerV1.Step.sum": {
            "value": 99954.0,
            "min": 39979.0,
            "max": 99954.0,
            "count": 4
        },
        "RunnerV1.Policy.ExtrinsicValueEstimate.mean": {
            "value": 33.89105987548828,
            "min": 33.66524887084961,
            "max": 38.04267120361328,
            "count": 4
        },
        "RunnerV1.Policy.ExtrinsicValueEstimate.sum": {
            "value": 14369.80859375,
            "min": 8940.02734375,
            "max": 14369.80859375,
            "count": 4
        },
        "RunnerV1.Policy.GailValueEstimate.mean": {
            "value": -3.5182666778564453,
            "min": -3.5992684364318848,
            "max": -0.8222429156303406,
            "count": 4
        },
        "RunnerV1.Policy.GailValueEstimate.sum": {
            "value": -1491.7451171875,
            "min": -1491.7451171875,
            "max": -193.22708129882812,
            "count": 4
        },
        "RunnerV1.Environment.EpisodeLength.mean": {
            "value": 85.31601731601732,
            "min": 85.31601731601732,
            "max": 91.256,
            "count": 4
        },
        "RunnerV1.Environment.EpisodeLength.sum": {
            "value": 19708.0,
            "min": 11407.0,
            "max": 19848.0,
            "count": 4
        },
        "RunnerV1.Environment.CumulativeReward.mean": {
            "value": -1.0330603391189,
            "min": -1.0450224148051086,
            "max": -1.0287903156732359,
            "count": 4
        },
        "RunnerV1.Environment.CumulativeReward.sum": {
            "value": -239.6699986755848,
            "min": -239.6699986755848,
            "max": -127.56999914348125,
            "count": 4
        },
        "RunnerV1.Policy.ExtrinsicReward.mean": {
            "value": -1.0330603391189,
            "min": -1.0450224148051086,
            "max": -1.0287903156732359,
            "count": 4
        },
        "RunnerV1.Policy.ExtrinsicReward.sum": {
            "value": -239.6699986755848,
            "min": -239.6699986755848,
            "max": -127.56999914348125,
            "count": 4
        },
        "RunnerV1.Policy.GailReward.mean": {
            "value": 78.50555287153813,
            "min": 78.50555287153813,
            "max": 243.7593648642782,
            "count": 4
        },
        "RunnerV1.Policy.GailReward.sum": {
            "value": 18213.288266196847,
            "min": 17749.25783596933,
            "max": 30226.1612431705,
            "count": 4
        },
        "RunnerV1.Losses.PretrainingLoss.mean": {
            "value": 0.44470837245874506,
            "min": 0.44470837245874506,
            "max": 0.4651106295289186,
            "count": 4
        },
        "RunnerV1.Losses.PretrainingLoss.sum": {
            "value": 8.449459076716156,
            "min": 4.6511062952891855,
            "max": 8.66978718048681,
            "count": 4
        },
        "RunnerV1.IsTraining.mean": {
            "value": 1.0,
            "min": 1.0,
            "max": 1.0,
            "count": 4
        },
        "RunnerV1.IsTraining.sum": {
            "value": 1.0,
            "min": 1.0,
            "max": 1.0,
            "count": 4
        }
    },
    "metadata": {
        "timer_format_version": "0.1.0",
        "start_time_seconds": "1727292214",
        "python_version": "3.9.13 (tags/v3.9.13:6de2ca5, May 17 2022, 16:36:42) [MSC v.1929 64 bit (AMD64)]",
        "command_line_arguments": "C:\\Users\\Hass\u00e8ne\\AppData\\Local\\Programs\\Python\\Python39\\Scripts\\mlagents-learn config/trainer_config.yaml --run-id=RunnerV1 --resume",
        "mlagents_version": "0.30.0",
        "mlagents_envs_version": "0.30.0",
        "communication_protocol_version": "1.5.0",
        "pytorch_version": "2.4.1+cpu",
        "numpy_version": "1.21.2",
        "end_time_seconds": "1727293682"
    },
    "total": 1467.8214621000002,
    "count": 1,
    "self": 0.013030400000161535,
    "children": {
        "run_training.setup": {
            "total": 0.18459160000000008,
            "count": 1,
            "self": 0.18459160000000008
        },
        "TrainerController.start_learning": {
            "total": 1467.6238401,
            "count": 1,
            "self": 1.9580645000221466,
            "children": {
                "TrainerController._reset_env": {
                    "total": 122.1262842,
                    "count": 1,
                    "self": 18.250883400000006,
                    "children": {
                        "demo_to_buffer": {
                            "total": 103.8754008,
                            "count": 2,
                            "self": 0.002868699999993396,
                            "children": {
                                "load_demonstration": {
                                    "total": 1.680470200000002,
                                    "count": 2,
                                    "self": 1.6689121,
                                    "children": {
                                        "read_file": {
                                            "total": 0.011558100000002014,
                                            "count": 2,
                                            "self": 0.011558100000002014
                                        }
                                    }
                                },
                                "make_demo_buffer": {
                                    "total": 102.1920619,
                                    "count": 2,
                                    "self": 20.111923599996814,
                                    "children": {
                                        "steps_from_proto": {
                                            "total": 82.08013830000318,
                                            "count": 520704,
                                            "self": 57.79487600000588,
                                            "children": {
                                                "_process_rank_one_or_two_observation": {
                                                    "total": 24.285262299997306,
                                                    "count": 1041408,
                                                    "self": 24.285262299997306
                                                }
                                            }
                                        }
                                    }
                                }
                            }
                        }
                    }
                },
                "TrainerController.advance": {
                    "total": 1343.3863995999777,
                    "count": 71876,
                    "self": 1.9653966999931072,
                    "children": {
                        "env_step": {
                            "total": 656.8044780999717,
                            "count": 71876,
                            "self": 514.054423199994,
                            "children": {
                                "SubprocessEnvManager._take_step": {
                                    "total": 141.4695716999816,
                                    "count": 71876,
                                    "self": 5.8076502999703905,