{
    "name": "root",
    "gauges": {
        "RunnerV1.Policy.Entropy.mean": {
            "value": 1.5718579292297363,
            "min": 1.5718579292297363,
            "max": 1.5718579292297363,
            "count": 1
        },
        "RunnerV1.Policy.Entropy.sum": {
            "value": 15800.31640625,
            "min": 15800.31640625,
            "max": 15800.31640625,
            "count": 1
        },
        "RunnerV1.Step.mean": {
            "value": 9988.0,
            "min": 9988.0,
            "max": 9988.0,
            "count": 1
        },
        "RunnerV1.Step.sum": {
            "value": 9988.0,
            "min": 9988.0,
            "max": 9988.0,
            "count": 1
        },
        "RunnerV1.Policy.ExtrinsicValueEstimate.mean": {
            "value": -1.2222450971603394,
            "min": -1.2222450971603394,
            "max": -1.2222450971603394,
            "count": 1
        },
        "RunnerV1.Policy.ExtrinsicValueEstimate.sum": {
            "value": -237.11553955078125,
            "min": -237.11553955078125,
            "max": -237.11553955078125,
            "count": 1
        },
        "RunnerV1.Environment.EpisodeLength.mean": {
            "value": 126.23076923076923,
            "min": 126.23076923076923,
            "max": 126.23076923076923,
            "count": 1
        },
        "RunnerV1.Environment.EpisodeLength.sum": {
            "value": 9846.0,
            "min": 9846.0,
            "max": 9846.0,
            "count": 1
        },
        "RunnerV1.Environment.CumulativeReward.mean": {
            "value": -2.7834837283843603,
            "min": -2.7834837283843603,
            "max": -2.7834837283843603,
            "count": 1
        },
        "RunnerV1.Environment.CumulativeReward.sum": {
            "value": -217.1117308139801,
            "min": -217.1117308139801,
            "max": -217.1117308139801,
            "count": 1
        },
        "RunnerV1.Policy.ExtrinsicReward.mean": {
            "value": -2.7834837283843603,
            "min": -2.7834837283843603,
            "max": -2.7834837283843603,
            "count": 1
        },
        "RunnerV1.Policy.ExtrinsicReward.sum": {
            "value": -217.1117308139801,
            "min": -217.1117308139801,
            "max": -217.1117308139801,
            "count": 1
        },
        "RunnerV1.Losses.PolicyLoss.mean": {
            "value": 0.23998803760943596,
            "min": 0.23998803760943596,
            "max": 0.23998803760943596,
            "count": 1
        },
        "RunnerV1.Losses.PolicyLoss.sum": {
            "value": 18.239090858317134,
            "min": 18.239090858317134,
            "max": 18.239090858317134,
            "count": 1
        },
        "RunnerV1.Losses.ValueLoss.mean": {
            "value": 0.5467493973943838,
            "min": 0.5467493973943838,
            "max": 0.5467493973943838,
            "count": 1
        },
        "RunnerV1.Losses.ValueLoss.sum": {
            "value": 41.552954201973165,
            "min": 41.552954201973165,
            "max": 41.552954201973165,
            "count": 1
        },
        "RunnerV1.Policy.LearningRate.mean": {
            "value": 0.0002970045088932342,
            "min": 0.0002970045088932342,
            "max": 0.0002970045088932342,
            "count": 1
        },
        "RunnerV1.Policy.LearningRate.sum": {
            "value": 0.0225723426758858,
            "min": 0.0225723426758858,
            "max": 0.0225723426758858,
            "count": 1
        },
        "RunnerV1.Policy.Epsilon.mean": {
            "value": 0.19900150263157895,
            "min": 0.19900150263157895,
            "max": 0.19900150263157895,
            "count": 1
        },
        "RunnerV1.Policy.Epsilon.sum": {
            "value": 15.124114200000001,
            "min": 15.124114200000001,
            "max": 15.124114200000001,
            "count": 1
        },
        "RunnerV1.Policy.Beta.mean": {
            "value": 0.0005000000000000001,
            "min": 0.0005000000000000001,
            "max": 0.0005000000000000001,
            "count": 1
        },
        "RunnerV1.Policy.Beta.sum": {
            "value": 0.038000000000000006,
            "min": 0.038000000000000006,
            "max": 0.038000000000000006,
            "count": 1
        },
        "RunnerV1.IsTraining.mean": {
            "value": 1.0,
            "min": 1.0,
            "max": 1.0,
            "count": 1
        },
        "RunnerV1.IsTraining.sum": {
            "value": 1.0,
            "min": 1.0,
            "max": 1.0,
            "count": 1
        }
    },
    "metadata": {
        "timer_format_version": "0.1.0",
        "start_time_seconds": "1726870373",
        "python_version": "3.9.13 (tags/v3.9.13:6de2ca5, May 17 2022, 16:36:42) [MSC v.1929 64 bit (AMD64)]",
        "command_line_arguments": "C:\\Users\\Hass\u00e8ne\\AppData\\Local\\Programs\\Python\\Python39\\Scripts\\mlagents-learn config/trainer_config.yaml --run-id=RunnerV1",
        "mlagents_version": "0.30.0",
        "mlagents_envs_version": "0.30.0",
        "communication_protocol_version": "1.5.0",
        "pytorch_version": "2.4.1+cpu",
        "numpy_version": "1.21.2",
        "end_time_seconds": "1726870557"
    },
    "total": 184.46959099999998,
    "count": 1,
    "self": 10.007149699999985,
    "children": {
        "run_training.setup": {
            "total": 0.13906200000000002,
            "count": 1,
            "self": 0.13906200000000002
        },
        "TrainerController.start_learning": {
            "total": 174.3233793,
            "count": 1,
            "self": 0.385553200000885,
            "children": {
                "TrainerController._reset_env": {
                    "total": 25.2454927,
                    "count": 1,
                    "self": 25.2454927
                },
                "TrainerController.advance": {
                    "total": 148.4957891999991,
                    "count": 16248,
                    "self": 0.3352418999982376,
                    "children": {
                        "env_step": {
                            "total": 117.50861700000114,
                            "count": 16248,
                            "self": 92.72732240000082,
                            "children": {
                                "SubprocessEnvManager._take_step": {
                                    "total": 24.553334300000532,
                                    "count": 16249,
                                    "self": 0.9195195999996493,
                                    "children": {
                                        "TorchPolicy.evaluate": {
                                            "total": 23.633814700000883,
                                            "count": 16173,
                                            "self": 23.633814700000883
                                        }
                                    }
                                },
                                "workers": {
                                    "total": 0.22796029999979694,
                                    "count": 16247,
                                    "self": 0.0,
                                    "children": {
                                        "worker_root": {
                                            "total": 136.38438319999977,
                                            "count": 16247,
                                            "is_parallel": true,
                                            "self": 72.92204679999891,
                                            "children": {
                                                "steps_from_proto": {
                                                    "total": 0.0011118000000003292,
                                                    "count": 2,
                                                    "is_parallel": true,