{
    "name": "root",
    "gauges": {
        "RunnerV1.Policy.Entropy.mean": {
            "value": 0.6411330103874207,
            "min": 0.6411330103874207,
            "max": 1.116434097290039,
            "count": 7
        },
        "RunnerV1.Policy.Entropy.sum": {
            "value": 12818.171875,
            "min": 11693.53125,
            "max": 20774.859375,
            "count": 7
        },
        "RunnerV1.Step.mean": {
            "value": 199948.0,
            "min": 79979.0,
            "max": 199948.0,
            "count": 7
        },
        "RunnerV1.Step.sum": {
            "value": 199948.0,
            "min": 79979.0,
            "max": 199948.0,
            "count": 7
        },
        "RunnerV1.Policy.ExtrinsicValueEstimate.mean": {
            "value": -48.098331451416016,
            "min": -89.12520599365234,
            "max": -48.098331451416016,
            "count": 7
        },
        "RunnerV1.Policy.ExtrinsicValueEstimate.sum": {
            "value": -18277.365234375,
            "min": -33511.078125,
            "max": -15637.361328125,
            "count": 7
        },
        "RunnerV1.Policy.GailValueEstimate.mean": {
            "value": 32.81943893432617,
            "min": 32.81943893432617,
            "max": 72.63439178466797,
            "count": 7
        },
        "RunnerV1.Policy.GailValueEstimate.sum": {
            "value": 12471.38671875,
            "min": 12471.38671875,
            "max": 27310.53125,
            "count": 7
        },
        "RunnerV1.Environment.EpisodeLength.mean": {
            "value": 155.92125984251967,
            "min": 139.875,
            "max": 170.26495726495727,
            "count": 7
        },
        "RunnerV1.Environment.EpisodeLength.sum": {
            "value": 19802.0,
            "min": 10071.0,
            "max": 20104.0,
            "count": 7
        },
        "RunnerV1.Environment.CumulativeReward.mean": {
            "value": -0.7383789082084604,
            "min": -0.7383789082084604,
            "max": -0.5760151270369533,
            "count": 7
        },
        "RunnerV1.Environment.CumulativeReward.sum": {
            "value": -94.51250025068293,
            "min": -94.51250025068293,
            "max": -51.42360023644869,
            "count": 7
        },
        "RunnerV1.Policy.ExtrinsicReward.mean": {
            "value": -0.7383789082084604,
            "min": -0.7383789082084604,
            "max": -0.5760151270369533,
            "count": 7
        },
        "RunnerV1.Policy.ExtrinsicReward.sum": {
            "value": -94.51250025068293,
            "min": -94.51250025068293,
            "max": -51.42360023644869,
            "count": 7
        },
        "RunnerV1.Policy.GailReward.mean": {
            "value": 113.04481263132766,
            "min": 59.635449163365266,
            "max": 113.04481263132766,
            "count": 7
        },
        "RunnerV1.Policy.GailReward.sum": {
            "value": 14469.73601680994,
            "min": 4392.120355635881,
            "max": 14469.73601680994,
            "count": 7
        },
        "RunnerV1.Losses.PretrainingLoss.mean": {
            "value": 0.3684637520396919,
            "min": 0.3684637520396919,
            "max": 0.8831960043789427,
            "count": 7
        },
        "RunnerV1.Losses.PretrainingLoss.sum": {
            "value": 7.000811288754146,
            "min": 7.000811288754146,
            "max": 11.763559304177761,
            "count": 7
        },
        "RunnerV1.IsTraining.mean": {
            "value": 1.0,
            "min": 1.0,
            "max": 1.0,
            "count": 7
        },
        "RunnerV1.IsTraining.sum": {
            "value": 1.0,
            "min": 1.0,
            "max": 1.0,
            "count": 7
        }
    },
    "metadata": {
        "timer_format_version": "0.1.0",
        "start_time_seconds": "1727209324",
        "python_version": "3.9.13 (tags/v3.9.13:6de2ca5, May 17 2022, 16:36:42) [MSC v.1929 64 bit (AMD64)]",
        "command_line_arguments": "C:\\Users\\Hass\u00e8ne\\AppData\\Local\\Programs\\Python\\Python39\\Scripts\\mlagents-learn config/trainer_config.yaml --run-id=RunnerV1 --resume",
        "mlagents_version": "0.30.0",
        "mlagents_envs_version": "0.30.0",
        "communication_protocol_version": "1.5.0",
        "pytorch_version": "2.4.1+cpu",
        "numpy_version": "1.21.2",
        "end_time_seconds": "1727210800"
    },
    "total": 1476.317725,
    "count": 1,
    "self": 0.011056500000222513,
    "children": {
        "run_training.setup": {
            "total": 0.1231781999999999,
            "count": 1,
            "self": 0.1231781999999999
        },
        "TrainerController.start_learning": {
            "total": 1476.1834903,
            "count": 1,
            "self": 3.2499680999887914,
            "children": {
                "TrainerController._reset_env": {
                    "total": 28.954061799999998,
                    "count": 1,
                    "self": 11.0179458,
                    "children": {
                        "demo_to_buffer": {
                            "total": 17.936116,
                            "count": 2,
                            "self": 0.0004248000000046659,
                            "children": {
                                "load_demonstration": {
                                    "total": 0.29011989999999876,
                                    "count": 2,
                                    "self": 0.2884194999999945,
                                    "children": {
                                        "read_file": {
                                            "total": 0.0017004000000042652,
                                            "count": 2,
                                            "self": 0.0017004000000042652
                                        }
                                    }
                                },
                                "make_demo_buffer": {
                                    "total": 17.645571299999997,
                                    "count": 2,
                                    "self": 3.3994772000008258,
                                    "children": {
                                        "steps_from_proto": {
                                            "total": 14.246094099999171,
                                            "count": 103856,
                                            "self": 10.015537000000233,
                                            "children": {
                                                "_process_rank_one_or_two_observation": {
                                                    "total": 4.230557099998938,
                                                    "count": 207712,
                                                    "self": 4.230557099998938
                                                }
                                            }
                                        }
                                    }
                                }
                            }
                        }
                    }
                },
                "TrainerController.advance": {
                    "total": 1443.822816600011,
                    "count": 138672,
                    "self": 2.9895818000188683,
                    "children": {
                        "env_step": {
                            "total": 1155.1278703999935,
                            "count": 138672,
                            "self": 934.0905230999497,
                            "children": {
                                "SubprocessEnvManager._take_step": {
                                    "total": 218.95614890002798,
                                    "count": 138675,
                                    "self": 8.370166400044894,