{
    "name": "root",
    "gauges": {
        "RunnerV1.Policy.Entropy.mean": {
            "value": 0.7748117446899414,
            "min": 0.7748117446899414,
            "max": 0.8320501446723938,
            "count": 5
        },
        "RunnerV1.Policy.Entropy.sum": {
            "value": 15477.6396484375,
            "min": 15477.6396484375,
            "max": 16675.1171875,
            "count": 5
        },
        "RunnerV1.Step.mean": {
            "value": 199958.0,
            "min": 119937.0,
            "max": 199958.0,
            "count": 5
        },
        "RunnerV1.Step.sum": {
            "value": 199958.0,
            "min": 119937.0,
            "max": 199958.0,
            "count": 5
        },
        "RunnerV1.Policy.ExtrinsicValueEstimate.mean": {
            "value": 16.80797576904297,
            "min": 16.80797576904297,
            "max": 34.10722351074219,
            "count": 5
        },
        "RunnerV1.Policy.ExtrinsicValueEstimate.sum": {
            "value": 6571.91845703125,
            "min": 6571.91845703125,
            "max": 12790.208984375,
            "count": 5
        },
        "RunnerV1.Policy.GailValueEstimate.mean": {
            "value": -5.642332553863525,
            "min": -11.949271202087402,
            "max": -5.642332553863525,
            "count": 5
        },
        "RunnerV1.Policy.GailValueEstimate.sum": {
            "value": -2206.152099609375,
            "min": -4480.9765625,
            "max": -2206.152099609375,
            "count": 5
        },
        "RunnerV1.Environment.EpisodeLength.mean": {
            "value": 132.17333333333335,
            "min": 132.17333333333335,
            "max": 168.82203389830508,
            "count": 5
        },
        "RunnerV1.Environment.EpisodeLength.sum": {
            "value": 19826.0,
            "min": 19709.0,
            "max": 19921.0,
            "count": 5
        },
        "RunnerV1.Environment.CumulativeReward.mean": {
            "value": -0.9306666888793309,
            "min": -0.9306666888793309,
            "max": -0.6940678060054779,
            "count": 5
        },
        "RunnerV1.Environment.CumulativeReward.sum": {
            "value": -139.60000333189964,
            "min": -139.60000333189964,
            "max": -81.90000110864639,
            "count": 5
        },
        "RunnerV1.Policy.ExtrinsicReward.mean": {
            "value": -0.9306666888793309,
            "min": -0.9306666888793309,
            "max": -0.6940678060054779,
            "count": 5
        },
        "RunnerV1.Policy.ExtrinsicReward.sum": {
            "value": -139.60000333189964,
            "min": -139.60000333189964,
            "max": -81.90000110864639,
            "count": 5
        },
        "RunnerV1.Policy.GailReward.mean": {
            "value": 4115.888497231801,
            "min": 4115.888497231801,
            "max": 5781.257122654026,
            "count": 5
        },
        "RunnerV1.Policy.GailReward.sum": {
            "value": 617383.2745847702,
            "min": 617383.2745847702,
            "max": 682188.340473175,
            "count": 5
        },
        "RunnerV1.Losses.PretrainingLoss.mean": {
            "value": 0.42217837500226957,
            "min": 0.42217837500226957,
            "max": 0.4355249029706325,
            "count": 5
        },
        "RunnerV1.Losses.PretrainingLoss.sum": {
            "value": 8.021389125043122,
            "min": 7.839448253471385,
            "max": 8.197085633952781,
            "count": 5
        },
        "RunnerV1.IsTraining.mean": {
            "value": 1.0,
            "min": 1.0,
            "max": 1.0,
            "count": 5
        },
        "RunnerV1.IsTraining.sum": {
            "value": 1.0,
            "min": 1.0,
            "max": 1.0,
            "count": 5
        }
    },
    "metadata": {
        "timer_format_version": "0.1.0",
        "start_time_seconds": "1727301218",
        "python_version": "3.9.13 (tags/v3.9.13:6de2ca5, May 17 2022, 16:36:42) [MSC v.1929 64 bit (AMD64)]",
        "command_line_arguments": "C:\\Users\\Hass\u00e8ne\\AppData\\Local\\Programs\\Python\\Python39\\Scripts\\mlagents-learn config/trainer_config.yaml --run-id=RunnerV1 --resume",
        "mlagents_version": "0.30.0",
        "mlagents_envs_version": "0.30.0",
        "communication_protocol_version": "1.5.0",
        "pytorch_version": "2.4.1+cpu",
        "numpy_version": "1.21.2",
        "end_time_seconds": "1727302980"
    },
    "total": 1761.4135145999999,
    "count": 1,
    "self": 0.014545599999792103,
    "children": {
        "run_training.setup": {
            "total": 0.15433019999999997,
            "count": 1,
            "self": 0.15433019999999997
        },
        "TrainerController.start_learning": {
            "total": 1761.2446388,
            "count": 1,
            "self": 2.319492300012598,
            "children": {
                "TrainerController._reset_env": {
                    "total": 105.862552,
                    "count": 1,
                    "self": 16.570266099999998,
                    "children": {
                        "demo_to_buffer": {
                            "total": 89.2922859,
                            "count": 2,
                            "self": 0.0021000999999927217,
                            "children": {
                                "load_demonstration": {
                                    "total": 1.3038176000000021,
                                    "count": 2,
                                    "self": 1.2739136000000073,
                                    "children": {
                                        "read_file": {
                                            "total": 0.029903999999994824,
                                            "count": 2,
                                            "self": 0.029903999999994824
                                        }
                                    }
                                },
                                "make_demo_buffer": {
                                    "total": 87.9863682,
                                    "count": 2,
                                    "self": 16.7637855999983,
                                    "children": {
                                        "steps_from_proto": {
                                            "total": 71.2225826000017,
                                            "count": 520704,
                                            "self": 49.252319599998394,
                                            "children": {
                                                "_process_rank_one_or_two_observation": {
                                                    "total": 21.970263000003307,
                                                    "count": 1041408,
                                                    "self": 21.970263000003307
                                                }
                                            }
                                        }
                                    }
                                }
                            }
                        }
                    }
                },
                "TrainerController.advance": {
                    "total": 1652.9044394999873,
                    "count": 100245,
                    "self": 2.184260100000529,
                    "children": {
                        "env_step": {
                            "total": 837.7208769000076,
                            "count": 100245,
                            "self": 670.8820911000299,
                            "children": {
                                "SubprocessEnvManager._take_step": {
                                    "total": 165.31723289999468,
                                    "count": 100246,
                                    "self": 6.0976637000267715,