{
    "name": "root",
    "gauges": {
        "RunnerV1.Policy.Entropy.mean": {
            "value": 1.3983471393585205,
            "min": 1.3983471393585205,
            "max": 1.5355987548828125,
            "count": 6
        },
        "RunnerV1.Policy.Entropy.sum": {
            "value": 27959.951171875,
            "min": 27959.951171875,
            "max": 30767.2578125,
            "count": 6
        },
        "RunnerV1.Environment.EpisodeLength.mean": {
            "value": 196.39,
            "min": 92.90566037735849,
            "max": 219.15384615384616,
            "count": 6
        },
        "RunnerV1.Environment.EpisodeLength.sum": {
            "value": 19639.0,
            "min": 19639.0,
            "max": 20028.0,
            "count": 6
        },
        "RunnerV1.Step.mean": {
            "value": 119957.0,
            "min": 19972.0,
            "max": 119957.0,
            "count": 6
        },
        "RunnerV1.Step.sum": {
            "value": 119957.0,
            "min": 19972.0,
            "max": 119957.0,
            "count": 6
        },
        "RunnerV1.Policy.ExtrinsicValueEstimate.mean": {
            "value": 8.317977905273438,
            "min": -0.6482799053192139,
            "max": 11.982402801513672,
            "count": 6
        },
        "RunnerV1.Policy.ExtrinsicValueEstimate.sum": {
            "value": 2994.47216796875,
            "min": -271.6292724609375,
            "max": 4229.7880859375,
            "count": 6
        },
        "RunnerV1.Policy.GailValueEstimate.mean": {
            "value": -116.86890411376953,
            "min": -141.4007568359375,
            "max": -55.07872009277344,
            "count": 6
        },
        "RunnerV1.Policy.GailValueEstimate.sum": {
            "value": -42072.8046875,
            "min": -49914.46484375,
            "max": -23077.984375,
            "count": 6
        },
        "RunnerV1.Environment.CumulativeReward.mean": {
            "value": -0.6980500013940036,
            "min": -0.9457783070683945,
            "max": -0.6092087919120216,
            "count": 6
        },
        "RunnerV1.Environment.CumulativeReward.sum": {
            "value": -69.80500013940036,
            "min": -200.50500109849963,
            "max": -55.43800006399397,
            "count": 6
        },
        "RunnerV1.Policy.ExtrinsicReward.mean": {
            "value": -0.6980500013940036,
            "min": -0.9457783070683945,
            "max": -0.6092087919120216,
            "count": 6
        },
        "RunnerV1.Policy.ExtrinsicReward.sum": {
            "value": -69.80500013940036,
            "min": -200.50500109849963,
            "max": -55.43800006399397,
            "count": 6
        },
        "RunnerV1.Policy.GailReward.mean": {
            "value": 204.39927483026375,
            "min": 103.57201152881454,
            "max": 216.40152560582814,
            "count": 6
        },
        "RunnerV1.Policy.GailReward.sum": {
            "value": 20439.927483026375,
            "min": 18662.343506664503,
            "max": 21957.26644410868,
            "count": 6
        },
        "RunnerV1.Losses.PretrainingLoss.mean": {
            "value": 1.0144472674087244,
            "min": 1.0144472674087244,
            "max": 27.777583104476594,
            "count": 6
        },
        "RunnerV1.Losses.PretrainingLoss.sum": {
            "value": 18.26005081335704,
            "min": 18.26005081335704,
            "max": 527.7740789850553,
            "count": 6
        },
        "RunnerV1.IsTraining.mean": {
            "value": 1.0,
            "min": 1.0,
            "max": 1.0,
            "count": 6
        },
        "RunnerV1.IsTraining.sum": {
            "value": 1.0,
            "min": 1.0,
            "max": 1.0,
            "count": 6
        }
    },
    "metadata": {
        "timer_format_version": "0.1.0",
        "start_time_seconds": "1727201148",
        "python_version": "3.9.13 (tags/v3.9.13:6de2ca5, May 17 2022, 16:36:42) [MSC v.1929 64 bit (AMD64)]",
        "command_line_arguments": "C:\\Users\\Hass\u00e8ne\\AppData\\Local\\Programs\\Python\\Python39\\Scripts\\mlagents-learn config/trainer_config.yaml --run-id=RunnerV1",
        "mlagents_version": "0.30.0",
        "mlagents_envs_version": "0.30.0",
        "communication_protocol_version": "1.5.0",
        "pytorch_version": "2.4.1+cpu",
        "numpy_version": "1.21.2",
        "end_time_seconds": "1727202240"
    },
    "total": 1091.9590247,
    "count": 1,
    "self": 0.010018799999897965,
    "children": {
        "run_training.setup": {
            "total": 0.12406230000000029,
            "count": 1,
            "self": 0.12406230000000029
        },
        "TrainerController.start_learning": {
            "total": 1091.8249436,
            "count": 1,
            "self": 2.9871489000040583,
            "children": {
                "TrainerController._reset_env": {
                    "total": 15.078487200000001,
                    "count": 1,
                    "self": 10.480333500000002,
                    "children": {
                        "demo_to_buffer": {
                            "total": 4.598153699999999,
                            "count": 2,
                            "self": 0.00019560000000495847,
                            "children": {
                                "load_demonstration": {
                                    "total": 0.05425199999999819,
                                    "count": 2,
                                    "self": 0.053885799999997985,
                                    "children": {
                                        "read_file": {
                                            "total": 0.00036620000000020525,
                                            "count": 2,
                                            "self": 0.00036620000000020525
                                        }
                                    }
                                },
                                "make_demo_buffer": {
                                    "total": 4.543706099999996,
                                    "count": 2,
                                    "self": 0.8623184000001594,
                                    "children": {
                                        "steps_from_proto": {
                                            "total": 3.6813876999998367,
                                            "count": 23008,
                                            "self": 2.601217699999614,
                                            "children": {
                                                "_process_rank_one_or_two_observation": {
                                                    "total": 1.0801700000002228,
                                                    "count": 46016,
                                                    "self": 1.0801700000002228
                                                }
                                            }
                                        }
                                    }
                                }
                            }
                        }
                    }
                },
                "TrainerController.advance": {
                    "total": 1073.570863899996,
                    "count": 129002,
                    "self": 3.0868536999830667,
                    "children": {
                        "env_step": {
                            "total": 984.5710746000066,
                            "count": 129002,
                            "self": 781.3142607000077,
                            "children": {
                                "SubprocessEnvManager._take_step": {
                                    "total": 201.36025379999393,
                                    "count": 129002,
                                    "self": 7.396448299992187,