{
    "name": "root",
    "metadata": {
        "timer_format_version": "0.1.0",
        "start_time_seconds": "1727283601",
        "python_version": "3.9.13 (tags/v3.9.13:6de2ca5, May 17 2022, 16:36:42) [MSC v.1929 64 bit (AMD64)]",
        "command_line_arguments": "C:\\Users\\Hass\u00e8ne\\AppData\\Local\\Programs\\Python\\Python39\\Scripts\\mlagents-learn config/trainer_config.yaml --run-id=RunnerV1 --resume",
        "mlagents_version": "0.30.0",
        "mlagents_envs_version": "0.30.0",
        "communication_protocol_version": "1.5.0",
        "pytorch_version": "2.4.1+cpu",
        "numpy_version": "1.21.2",
        "end_time_seconds": "1727283894"
    },
    "total": 293.1048069,
    "count": 1,
    "self": 0.012030400000071495,
    "children": {
        "run_training.setup": {
            "total": 0.18814589999999942,
            "count": 1,
            "self": 0.18814589999999942
        },
        "TrainerController.start_learning": {
            "total": 292.90463059999996,
            "count": 1,
            "self": 0.3972787999998104,
            "children": {
                "TrainerController._reset_env": {
                    "total": 48.850926699999995,
                    "count": 1,
                    "self": 17.241861999999998,
                    "children": {
                        "demo_to_buffer": {
                            "total": 31.609064699999998,
                            "count": 2,
                            "self": 0.0006918999999996345,
                            "children": {
                                "load_demonstration": {
                                    "total": 0.45051219999999503,
                                    "count": 2,
                                    "self": 0.44036859999999933,
                                    "children": {
                                        "read_file": {
                                            "total": 0.0101435999999957,
                                            "count": 2,
                                            "self": 0.0101435999999957
                                        }
                                    }
                                },
                                "make_demo_buffer": {
                                    "total": 31.157860600000003,
                                    "count": 2,
                                    "self": 5.897307299999973,
                                    "children": {
                                        "steps_from_proto": {
                                            "total": 25.26055330000003,
                                            "count": 172148,
                                            "self": 17.870313100000008,
                                            "children": {
                                                "_process_rank_one_or_two_observation": {
                                                    "total": 7.390240200000022,
                                                    "count": 344296,
                                                    "self": 7.390240200000022
                                                }
                                            }
                                        }
                                    }
                                }
                            }
                        }
                    }
                },
                "TrainerController.advance": {
                    "total": 243.45501330000013,
                    "count": 16676,
                    "self": 0.3628459999989957,
                    "children": {
                        "env_step": {
                            "total": 192.6900318999983,
                            "count": 16676,
                            "self": 166.29615440000188,
                            "children": {
                                "SubprocessEnvManager._take_step": {
                                    "total": 26.14680409999788,
                                    "count": 16676,
                                    "self": 0.9518225999968948,
                                    "children": {
                                        "TorchPolicy.evaluate": {
                                            "total": 25.194981500000985,
                                            "count": 16639,
                                            "self": 25.194981500000985
                                        }
                                    }
                                },
                                "workers": {
                                    "total": 0.24707339999853417,
                                    "count": 16675,
                                    "self": 0.0,
                                    "children": {
                                        "worker_root": {
                                            "total": 212.5499070999997,
                                            "count": 16675,
                                            "is_parallel": true,
                                            "self": 127.99472429999958,
                                            "children": {
                                                "steps_from_proto": {
                                                    "total": 0.003321100000000854,
                                                    "count": 1,
                                                    "is_parallel": true,
                                                    "self": 0.0015618000000010568,
                                                    "children": {
                                                        "_process_rank_one_or_two_observation": {
                                                            "total": 0.0017592999999997971,
                                                            "count": 2,
                                                            "is_parallel": true,
                                                            "self": 0.0017592999999997971
                                                        }
                                                    }
                                                },
                                                "UnityEnvironment.step": {
                                                    "total": 84.55186170000012,
                                                    "count": 16675,
                                                    "is_parallel": true,
                                                    "self": 1.3781269000011491,
                                                    "children": {
                                                        "UnityEnvironment._generate_step_input": {
                                                            "total": 1.1040382000023143,
                                                            "count": 16675,
                                                            "is_parallel": true,
                                                            "self": 1.1040382000023143
                                                        },
                                                        "communicator.exchange": {
                                                            "total": 77.37974599999725,
                                                            "count": 16675,
                                                            "is_parallel": true,
                                                            "self": 77.37974599999725
                                                        },
                                                        "steps_from_proto": {
                                                            "total": 4.689950599999392,
                                                            "count": 16675,
                                                            "is_parallel": true,